id,question
0,What is the starting position for a push-up?
0,Which muscle groups are activated during push-ups?
0,What type of exercise is a push-up classified as?
0,Do I need any equipment to perform push-ups?
0,What is the correct form for lowering my body during a push-up?
1,What is the primary muscle group worked during the Goblet Squat?
1,What equipment do I need for the Goblet Squat exercise?
1,Can you explain the proper form for performing the Goblet Squat?
1,Is the Goblet Squat categorized as a strength or cardio exercise?
1,How do I ensure I'm executing the Goblet Squat effectively for my lower body?
2,What muscles are activated when performing the deadlift exercise?
2,What type of equipment is necessary for deadlifting?
2,Can you describe the stance and grip for the deadlift?
2,Is the deadlift primarily a pulling or pushing exercise?
2,What body part does the deadlift mainly target?
3,What equipment do I need to perform the plank exercise?
3,Which body parts are primarily engaged during the plank workout?
3,Can you explain how to properly hold the plank position?
3,What type of exercise is the plank considered?
3,Which muscle groups are activated when doing a plank?
4,What muscle groups are activated when performing the Kettlebell Swing?
4,What is the proper technique for swinging the kettlebell?
4,Which body parts are primarily worked during the Kettlebell Swing exercise?
4,Is the Kettlebell Swing considered a cardio exercise?
4,What type of equipment do I need to perform the Kettlebell Swing?
5,What is the name of the exercise that primarily targets the upper body and involves pulling?
5,Which type of equipment do I need for the Resistance Band Row exercise?
5,What muscle groups are engaged when performing the Resistance Band Row?
5,Can you provide the step-by-step instructions for executing the Resistance Band Row correctly?
5,Is the Resistance Band Row considered a strength training exercise?
6,What type of exercise are Jumping Jacks considered?
6,Which muscle groups are activated when performing Jumping Jacks?
6,What is the primary body part targeted by Jumping Jacks?
6,What equipment do I need to perform Jumping Jacks?
6,Can you provide the instructions for doing Jumping Jacks correctly?
7,What type of equipment do I need for the Shoulder Press exercise?
7,Which muscle groups are activated when performing the Shoulder Press?
7,Can you provide the instructions for executing the Shoulder Press?
7,Is the Shoulder Press classified as a strength exercise or a cardio exercise?
7,What part of the body does the Shoulder Press primarily target?
8,What is the main body part targeted by the Glute Bridge exercise?
8,What type of equipment do I need for the Glute Bridge?
8,Can you describe the step-by-step instructions for performing a Glute Bridge?
8,What muscle groups are activated when performing the Glute Bridge?
8,Is the Glute Bridge considered a push or pull type of activity?
9,What is the name of the exercise that targets the hamstrings and calves?
9,Which body part is primarily involved in the Hamstring Stretch?
9,Can the Hamstring Stretch be performed without any equipment?
9,What position should my back be in while reaching toward my toes?
9,What muscle groups are activated during the Hamstring Stretch?
10,What type of exercise are Mountain Climbers classified as?
10,Do I need any equipment to perform Mountain Climbers?
10,Which body parts are primarily targeted by Mountain Climbers?
10,Can you provide the steps to perform Mountain Climbers correctly?
10,What muscle groups are activated when performing Mountain Climbers?
11,What is the primary exercise performed in the Dumbbell Lateral Raise?
11,Which body parts are primarily targeted during the Dumbbell Lateral Raise?
11,What equipment is required to perform the Dumbbell Lateral Raise?
11,Can you describe the steps involved in executing a Dumbbell Lateral Raise?
11,Is the Dumbbell Lateral Raise categorized as a push or pull exercise?
12,What muscles are primarily targeted by the Russian Twist exercise?
12,What body part is the focus of the Russian Twist exercise?
12,What type of activity is the Russian Twist classified as?
12,What position should I be in while performing the Russian Twist?
12,Is any equipment required for the Russian Twist exercise?
13,What are the primary muscle groups engaged during walking lunges?
13,Can you explain the proper form for performing walking lunges?
13,What type of activity classification does walking lunges fall under?
13,Is any equipment required to perform walking lunges effectively?
13,How does the walking lunge exercise benefit the lower body specifically?
14,What is the primary muscle group targeted by the TRX Row exercise?
14,Can you describe the starting position for performing the TRX Row?
14,Which body parts are engaged during the TRX Row?
14,What type of activity is the TRX Row classified as?
14,What equipment is needed to perform the TRX Row?
15,What type of exercise are burpees classified as?
15,Do I need any equipment to perform burpees?
15,Which muscle groups are primarily activated during burpees?
15,Can you provide step-by-step instructions on how to do a burpee?
15,What body parts do burpees work on?
16,What is the main focus of the Leg Raises exercise?
16,Which equipment is needed to perform Leg Raises?
16,What body position should I start in for Leg Raises?
16,How should I move my legs during the Leg Raises exercise?
16,Which muscle groups are primarily activated when doing Leg Raises?
17,What type of exercise is the Overhead Barbell Press?
17,Which equipment is needed to perform the Overhead Barbell Press?
17,What body part does the Overhead Barbell Press primarily target?
17,Can you describe the proper form for the Overhead Barbell Press?
17,What muscle groups are engaged when performing the Overhead Barbell Press?
18,What equipment do I need to perform a Bicep Curl?
18,Which muscle groups are primarily activated during the Bicep Curl exercise?
18,Can you explain the correct form for executing a Bicep Curl?
18,What body part does the Bicep Curl primarily target?
18,What type of fitness activity is the Bicep Curl classified as?
19,What type of exercise is the Lying Leg Curl?
19,Which equipment is needed for the Lying Leg Curl?
19,What body part does the Lying Leg Curl primarily target?
19,What muscles are activated during the Lying Leg Curl?
19,Can you provide the steps to properly perform the Lying Leg Curl?
20,What is the correct stance for performing a calf raise?
20,How do I execute a calf raise properly?
20,What body part does the calf raise primarily target?
20,What type of exercise is a calf raise classified as?
20,Is any equipment required for doing calf raises?
21,What type of exercise is the Chest Fly?
21,What equipment do I need to perform the Chest Fly?
21,Which body part does the Chest Fly primarily target?
21,Can you describe the steps to properly execute the Chest Fly?
21,What muscle groups are activated during the Chest Fly?
22,What is the primary muscle group targeted by sit-ups?
22,What position should I start in for performing a sit-up?
22,Which body part is mainly engaged during sit-ups?
22,Is any equipment needed to perform sit-ups?
22,What is the correct motion sequence for a sit-up?
23,What is the primary muscle group targeted by the Romanian Deadlift?
23,Which type of equipment is required to perform the Romanian Deadlift?
23,Can you explain the proper technique for executing the Romanian Deadlift?
23,What body parts are engaged during the Romanian Deadlift exercise?
23,Is the Romanian Deadlift considered a pull exercise or a push exercise?
24,What is the primary type of activity for High Knees?
24,Which body part does the High Knees exercise primarily target?
24,What muscle groups are activated when performing High Knees?
24,How should I position my knees during the High Knees exercise?
24,Is any equipment needed to perform High Knees?
25,What specific muscle groups are predominantly activated during the Cable Face Pull exercise?
25,Can you describe the proper technique for performing a Cable Face Pull?
25,What type of equipment is necessary for carrying out the Cable Face Pull?
25,"Is the Cable Face Pull classified as a strength exercise, and which body part does it primarily target?"
25,How should I position my elbows while pulling the cable handles during this exercise?
26,What type of activity are jump squats categorized as?
26,What equipment is needed to perform jump squats?
26,Which muscle groups are primarily activated during jump squats?
26,Can you explain how to properly execute a jump squat?
26,Which body part do jump squats primarily target?
27,What is the proper starting position for the Side-Lying Leg Lift exercise?
27,Which muscles are primarily targeted by the Side-Lying Leg Lift?
27,Should I use any equipment when performing the Side-Lying Leg Lift?
27,How should I perform the lifting and lowering of the leg in this exercise?
27,Is the Side-Lying Leg Lift considered a mobility exercise?
28,What muscles are targeted by the Reverse Fly exercise?
28,What equipment do I need to perform the Reverse Fly?
28,Can you describe the proper technique for performing the Reverse Fly?
28,Which body parts are engaged during the Reverse Fly exercise?
28,Is the Reverse Fly considered a strength or cardio exercise?
29,What is the primary purpose of the Toe Touches exercise?
29,Which muscle groups are primarily activated during Toe Touches?
29,What equipment is required to perform Toe Touches?
29,How should the body be positioned to execute Toe Touches correctly?
29,Is Toe Touches considered a stretching or strengthening exercise?
30,What specific body parts are targeted during the Standing Oblique Crunch?
30,Is any equipment needed for performing the Standing Oblique Crunch?
30,How should I position my body while executing the Standing Oblique Crunch?
30,What is the primary purpose of including the Standing Oblique Crunch in a workout routine?
30,Which muscle groups are primarily activated when doing the Standing Oblique Crunch?
31,What specific muscle groups are targeted when performing step-ups?
31,Can you explain the correct technique for stepping onto the elevated surface?
31,Is this exercise suitable for building lower body strength?
31,What equipment do I need to effectively perform step-ups?
31,How does pushing through the heel benefit the exercise?
32,What type of exercise is Battle Ropes Slams classified as?
32,Which equipment is necessary to perform Battle Ropes Slams?
32,What body parts are primarily engaged during this exercise?
32,Can you describe the technique for performing Battle Ropes Slams?
32,What muscle groups does the Battle Ropes Slams target?
33,What are the primary muscle groups activated during the Bird Dog exercise?
33,Can you explain the starting position for the Bird Dog exercise?
33,How long should I hold each position while performing the Bird Dog?
33,Is any equipment required to perform the Bird Dog exercise?
33,What type of activity does the Bird Dog exercise fall under?
34,What is the primary muscle group targeted by the Incline Bench Press?
34,What equipment do I need to perform the Incline Bench Press?
34,Can you explain the steps to correctly execute the Incline Bench Press?
34,Is the Incline Bench Press focused on pushing or pulling movements?
34,Which body part does the Incline Bench Press primarily work?
35,What is the main purpose of performing Skater Jumps in a workout routine?
35,Which muscle groups are primarily activated when doing Skater Jumps?
35,Can you explain the correct technique for executing Skater Jumps safely?
35,"Is any equipment needed to perform Skater Jumps, or can they be done with just bodyweight?"
35,"What type of workout does the Skater Jumps exercise fall under, and how does it benefit the lower body?"
36,What is the proper position for the Wall Sit exercise?
36,Which muscle groups are primarily engaged during the Wall Sit?
36,Do I need any equipment to perform the Wall Sit?
36,How long should I hold the Wall Sit position for optimal results?
36,Is the Wall Sit more focused on mobility or strength training?
37,What is the primary muscle group targeted by the Lat Pulldown exercise?
37,What type of equipment is required for performing the Lat Pulldown?
37,What specific body part does the Lat Pulldown primarily work on?
37,What are the key instructions to follow while performing the Lat Pulldown?
37,Is the Lat Pulldown considered a strength training exercise or a cardio workout?
38,What is the Toe Tap Crunch exercise designed to improve?
38,Which body part is primarily targeted by the Toe Tap Crunch?
38,Do I need any equipment to perform the Toe Tap Crunch?
38,What muscle groups are activated during the Toe Tap Crunch?
38,Can you explain how to properly perform the Toe Tap Crunch?
39,What is the main focus of the hip thrust exercise?
39,Which piece of equipment is required to perform a hip thrust?
39,What should I rest my upper back on during the hip thrust?
39,What are the primary muscle groups targeted by hip thrusts?
39,Can you explain the proper form for performing a hip thrust?
40,What is the primary body part worked during the Reverse Crunch exercise?
40,Can you describe the proper technique for performing a Reverse Crunch?
40,Is the Reverse Crunch considered a mobility exercise?
40,What muscle groups are activated when doing the Reverse Crunch?
40,Do I need any equipment to perform the Reverse Crunch?
41,What equipment do I need to perform the Arnold Press exercise?
41,Which muscle groups are activated during the Arnold Press?
41,Can you explain how to properly perform the Arnold Press?
41,What body part does the Arnold Press primarily target?
41,Is the Arnold Press classified as a push or pull exercise?
42,What is the primary muscle group targeted by Wall Angels?
42,Can I perform Wall Angels without any equipment?
42,What should I focus on while performing the exercise against the wall?
42,Is Wall Angels considered a stretching exercise or a strength training exercise?
42,Which body part is primarily engaged during Wall Angels?
43,What is the main focus of the Curtsy Lunge exercise?
43,Which muscle groups are primarily worked with the Curtsy Lunge?
43,Do I need any equipment to perform Curtsy Lunges?
43,Can the Curtsy Lunge help improve strength in the lower body?
43,What are the steps to properly execute a Curtsy Lunge?
44,What is the primary purpose of the Standing Calf Stretch?
44,Which muscle groups are targeted during the Standing Calf Stretch?
44,How do you perform the Standing Calf Stretch correctly?
44,What part of the body does the Standing Calf Stretch primarily focus on?
44,Do I need any equipment to perform the Standing Calf Stretch?
45,"What type of exercise is the Farmer's Carry, and what equipment do I need to perform it?"
45,Which muscle groups will be activated when I do the Farmer's Carry?
45,What is the correct posture I should maintain while performing the Farmer's Carry?
45,How should I hold the weights while doing the Farmer's Carry?
45,What part of the body does the Farmer's Carry target most effectively?
46,What type of exercise is jump rope categorized as?
46,Which equipment do I need to perform jump rope exercises?
46,What specific body parts will be engaged when doing jump rope?
46,Can you explain how to properly perform the jump rope exercise?
46,Which muscle groups are activated during the jump rope workout?
47,What is the primary muscle group targeted by clamshells?
47,Can you explain how to properly perform the clamshell exercise?
47,What type of equipment do I need to do clamshells?
47,Is the clamshell exercise considered a mobility or strength activity?
47,What body part does the clamshell exercise primarily work on?
48,What is the primary exercise name associated with this activity?
48,What type of activity is recommended for the Box Jump?
48,Which type of equipment do I need to perform the Box Jump?
48,Can you tell me which body part is primarily targeted with this exercise?
48,What are the recommended instructions for performing a Box Jump?
49,What is the main muscle group activated during the Cable Bicep Curl exercise?
49,What type of activity is the Cable Bicep Curl classified as?
49,Can I perform the Cable Bicep Curl with a different type of equipment?
49,What are the step-by-step instructions for correctly performing a Cable Bicep Curl?
49,Which body part is primarily targeted when I do a Cable Bicep Curl?
50,What is the proper stance for performing a Sumo Squat?
50,Which muscle groups are primarily activated during the Sumo Squat?
50,What type of exercise classification does the Sumo Squat fall under?
50,How should I position my back while performing a Sumo Squat?
50,What should I focus on while rising from the squat position?
51,What is the main purpose of the Standing Shoulder Stretch?
51,Which muscle groups are targeted during the Standing Shoulder Stretch?
51,Do I need any equipment to perform the Standing Shoulder Stretch?
51,Can you explain the proper technique for executing the Standing Shoulder Stretch?
51,Is the Standing Shoulder Stretch primarily for mobility or strength training?
52,What type of exercise is the Resistance Band Chest Press?
52,Which equipment do I need for the Resistance Band Chest Press?
52,What muscle groups are activated when performing the Resistance Band Chest Press?
52,What are the general instructions to perform the Resistance Band Chest Press?
52,Is the Resistance Band Chest Press primarily a pushing exercise?
53,What is the primary focus of the Lunge with Twist exercise?
53,Which muscle groups are primarily activated during the Lunge with Twist?
53,Can the Lunge with Twist be performed with any equipment?
53,What is the step-by-step instruction for performing a Lunge with Twist?
53,Is the Lunge with Twist considered a mobility exercise?
54,What is the Hollow Hold exercise primarily targeting in terms of muscle groups?
54,Can you describe the correct body position for performing a Hollow Hold?
54,Is any equipment needed to perform the Hollow Hold exercise?
54,What type of exercise is the Hollow Hold classified as?
54,How are the core muscles engaged during the Hollow Hold?
55,What is the proper form for the Lat Raise to Front Raise exercise using dumbbells?
55,Which muscle groups are primarily targeted by the Lat Raise to Front Raise?
55,Can you explain the correct sequence of movements for the Lat Raise to Front Raise?
55,Is the Lat Raise to Front Raise considered a push type of exercise?
55,What body parts does the Lat Raise to Front Raise focus on?
56,What are the primary muscle groups activated during the Inchworm exercise?
56,Can the Inchworm exercise be performed without any equipment?
56,What is the starting position for the Inchworm exercise?
56,Is the Inchworm exercise considered a warm-up activity?
56,How do you perform the Inchworm exercise correctly?
57,What type of exercise is the Cable Kickback considered?
57,Which body part does the Cable Kickback primarily target?
57,What equipment do I need to perform the Cable Kickback?
57,Can you explain how to properly perform the Cable Kickback?
57,Which muscle groups are activated when doing the Cable Kickback?
58,What type of activity is the Bear Crawl exercise categorized as?
58,Which body parts are primarily targeted during the Bear Crawl?
58,Do I need any equipment to perform the Bear Crawl exercise?
58,Can you explain the basic instructions for executing the Bear Crawl correctly?
58,What muscle groups are activated while doing the Bear Crawl?
59,What is the primary muscle group activated during the Band Pull Apart exercise?
59,What type of equipment do I need to perform the Band Pull Apart?
59,Can you explain the correct position of my arms when doing the Band Pull Apart?
59,What is the main purpose of the Band Pull Apart exercise?
59,Which area of the body does the Band Pull Apart primarily target?
60,What equipment do I need to perform the Split Squat exercise?
60,Which muscle groups are activated while doing Split Squats?
60,Can you provide a brief instruction on how to perform a Split Squat correctly?
60,Which body part is primarily targeted by the Split Squat?
60,Is the Split Squat considered a strength training exercise?
61,What is the primary muscle group worked during the Cable Tricep Pushdown?
61,What type of exercise is the Cable Tricep Pushdown categorized as?
61,Can you describe the equipment needed for performing Cable Tricep Pushdowns?
61,What is the correct way to perform a Cable Tricep Pushdown?
61,Which body part is primarily targeted when doing the Cable Tricep Pushdown?
62,What is the primary focus of the Cobra Stretch exercise?
62,Do I need any equipment to perform the Cobra Stretch?
62,Which muscle groups are activated during the Cobra Stretch?
62,How should my body be positioned while doing the Cobra Stretch?
62,Is the Cobra Stretch considered a mobility or strength exercise?
63,What equipment do I need for the Dumbbell Chest Press?
63,Which muscle groups are activated during the Dumbbell Chest Press?
63,Can you provide the steps to perform the Dumbbell Chest Press correctly?
63,Is the Dumbbell Chest Press primarily a push exercise or a pull exercise?
63,Which part of the body does the Dumbbell Chest Press target?
64,What is the proper position for starting V-Ups?
64,Which muscle groups are primarily worked during V-Ups?
64,Are V-Ups considered a mobility exercise?
64,What body parts are engaged while performing V-Ups?
64,How should I lower my body after reaching the 'V' shape in V-Ups?
65,What type of activity is the Spiderman Stretch classified as?
65,Which muscle groups are primarily activated during the Spiderman Stretch?
65,Do I need any equipment to perform the Spiderman Stretch?
65,What is the starting position for the Spiderman Stretch?
65,How should I modify the Spiderman Stretch if I can't lower my elbows to the floor?
66,What is the purpose of the Chest Opener Stretch?
66,Which body parts are primarily targeted during the Chest Opener Stretch?
66,Do I need any equipment to perform the Chest Opener Stretch?
66,Can you describe the steps involved in doing the Chest Opener Stretch?
66,What muscle groups are activated when I do the Chest Opener Stretch?
67,What equipment do I need to perform the Dumbbell Hammer Curl?
67,Which body parts are targeted by the Dumbbell Hammer Curl exercise?
67,Can you explain the proper grip for the Dumbbell Hammer Curl?
67,What type of exercise is the Dumbbell Hammer Curl classified as?
67,What muscle groups are activated during the Dumbbell Hammer Curl?
68,What is the primary muscle group targeted by the lateral lunge exercise?
68,How do you perform the lateral lunge correctly?
68,Is any equipment required for the lateral lunge?
68,What body part does the lateral lunge primarily engage?
68,Is the lateral lunge considered a strength exercise?
69,What is the primary purpose of the Knees to Chest Stretch?
69,Which body parts are primarily involved in the Knees to Chest Stretch?
69,Are any specific muscle groups activated when performing this stretch?
69,What is the correct technique to perform the Knees to Chest Stretch?
69,Do I need any equipment to do the Knees to Chest Stretch?
70,What is the Reverse Lunge exercise categorized as in terms of activity type?
70,Do I need any equipment to perform the Reverse Lunge?
70,Which part of the body does the Reverse Lunge primarily target?
70,Can you explain the correct steps to perform a Reverse Lunge?
70,What muscle groups are activated while doing the Reverse Lunge?
71,What is the exercise name and what type of activity is it?
71,What type of equipment do I need to perform Shoulder Taps?
71,Which body part does Shoulder Taps primarily target?
71,What specific action do I need to perform in the plank position during this exercise?
71,Which muscle groups are activated when doing Shoulder Taps?
72,What is the correct starting position for performing Donkey Kicks?
72,Which body parts are most engaged when doing Donkey Kicks?
72,Do I need any equipment to perform Donkey Kicks?
72,Can Donkey Kicks help strengthen both my glutes and hamstrings?
72,How should I execute the movement during Donkey Kicks?
73,What is the main focus of the Forearm Plank Rock exercise?
73,Which body parts are primarily engaged during the Forearm Plank Rock?
73,Can the Forearm Plank Rock be performed without any equipment?
73,How should I position my body while doing the Forearm Plank Rock?
73,Is the Forearm Plank Rock classified as a mobility exercise?
74,What is the primary equipment needed for performing a Front Squat?
74,Which muscle groups does the Front Squat mainly target?
74,Can you explain the correct positioning of the barbell during a Front Squat?
74,What technique should I use to maintain proper form while squatting?
74,Is the Front Squat considered a push or pull exercise?
75,What is the name of the exercise that stretches the chest and shoulders using a wall?
75,What type of activity is the Chest Stretch on Wall considered?
75,Do I need any equipment to perform the Chest Stretch on Wall?
75,Which body part is primarily targeted during the Chest Stretch on Wall exercise?
75,How do I correctly perform the Chest Stretch on Wall?
76,What muscle groups does the Band Squat to Row exercise activate?
76,Can you explain the steps to properly execute the Band Squat to Row?
76,What type of equipment is required for the Band Squat to Row exercise?
76,Is the Band Squat to Row classified as a strength or cardio exercise?
76,Which body parts are primarily worked during the Band Squat to Row?
77,What is the proper way to hold the bar during a Zercher Squat?
77,Which muscle groups are primarily worked during the Zercher Squat?
77,Can you explain the steps to perform a Zercher Squat correctly?
77,Is the Zercher Squat considered a pushing or pulling exercise?
77,What equipment do I need to perform a Zercher Squat?
78,What is the primary muscle group targeted by performing the Reverse Crunch on Bench?
78,Can you explain the correct positioning on the bench for this exercise?
78,Is the Reverse Crunch on Bench considered a push exercise or a pull exercise?
78,Which body part benefits most from this exercise?
78,What are the specific steps to execute the Reverse Crunch on Bench properly?
79,What is the primary muscle group targeted during the Dumbbell Pullover exercise?
79,What position should I be in while performing the Dumbbell Pullover?
79,Which equipment do I need to perform the Dumbbell Pullover exercise?
79,What is the movement type of the Dumbbell Pullover?
79,Can the Dumbbell Pullover help strengthen my Triceps?
80,What is the Supine Twist exercise designed to improve?
80,Do I need any equipment to perform the Supine Twist?
80,Which muscle groups are activated during the Supine Twist?
80,Can you provide a step-by-step guide on how to do the Supine Twist?
80,Is the Supine Twist primarily for mobility or strength training?
81,What is the Wall Pike Press and how is it performed?
81,Which muscle groups are primarily activated during the Wall Pike Press?
81,What type of equipment is required for the Wall Pike Press exercise?
81,Can you describe the starting position for the Wall Pike Press?
81,Is the Wall Pike Press considered a strength or cardio exercise?
82,What is the primary muscle group targeted during a Knee Push-Up?
82,Do I need any equipment to perform a Knee Push-Up?
82,Can you describe the basic movement for a Knee Push-Up?
82,Which part of the body does the Knee Push-Up primarily engage?
82,Is the Knee Push-Up considered a strength exercise?
83,What is the primary focus of the Banded Glute Bridge exercise?
83,Which body parts are most engaged during this exercise?
83,What equipment is necessary to perform the Banded Glute Bridge?
83,Can you describe the setup position for the Banded Glute Bridge?
83,What type of workout is the Banded Glute Bridge categorized as?
84,What is the proper position for performing the Wall Hamstring Stretch?
84,Which muscle groups are primarily targeted by the Wall Hamstring Stretch?
84,Do I need any equipment to perform the Wall Hamstring Stretch?
84,How should my leg be positioned against the wall during the stretch?
84,What type of activity is the Wall Hamstring Stretch categorized as?
85,What equipment do I need to perform the Barbell Hip Thrust?
85,Which body part does the Barbell Hip Thrust primarily target?
85,Can you explain the basic instructions for executing a Barbell Hip Thrust?
85,What type of exercise is the Barbell Hip Thrust classified as?
85,Which muscle groups are activated during the Barbell Hip Thrust?
86,What is the primary body part targeted by the Side Plank with Reach Under exercise?
86,Can you describe how to perform the Side Plank with Reach Under correctly?
86,Which muscle groups are activated during the Side Plank with Reach Under?
86,What type of activity does the Side Plank with Reach Under fall under?
86,Is any equipment needed to perform the Side Plank with Reach Under?
87,What muscles are primarily worked when performing the Cable Lat Pullover exercise?
87,What is the correct equipment needed for the Cable Lat Pullover?
87,Can you describe the proper technique for performing a Cable Lat Pullover?
87,Which body part is targeted the most with this exercise?
87,Is the Cable Lat Pullover classified as a strength training exercise?
88,What is the correct position for the Half-Kneeling Press exercise?
88,Which muscles are activated during the Half-Kneeling Press?
88,What type of equipment do I need for the Half-Kneeling Press?
88,Is the Half-Kneeling Press considered a push exercise?
88,How do I perform the Half-Kneeling Press correctly?
89,What is the primary focus of the Scapular Push-Up in terms of mobility?
89,Which equipment is necessary for performing the Scapular Push-Up exercise?
89,Which body part is primarily targeted during the Scapular Push-Up?
89,Can you explain the correct form for the Scapular Push-Up exercise?
89,What muscle groups are engaged when doing Scapular Push-Ups?
90,What is the correct position for knees during the Isometric Lunge Hold?
90,Which muscle groups are primarily activated when performing the Isometric Lunge Hold?
90,What type of activity does the Isometric Lunge Hold fall under?
90,What equipment is required to perform the Isometric Lunge Hold?
90,Can you explain how to correctly perform the Isometric Lunge Hold?
91,What equipment do I need to perform the Standing Band Abduction exercise?
91,Which muscle groups are primarily targeted by the Standing Band Abduction?
91,Can you describe the steps involved in performing the Standing Band Abduction?
91,Is the Standing Band Abduction considered a strength or cardio exercise?
91,How does the Standing Band Abduction engage the lower body specifically?
92,What equipment is needed for the Seated Cable Row exercise?
92,Which muscles are primarily targeted during the Seated Cable Row?
92,Can you explain the steps to properly perform the Seated Cable Row?
92,Is the Seated Cable Row considered a strength training exercise?
92,What part of the body does the Seated Cable Row primarily work out?
93,What type of exercise is Power Skip categorized as?
93,Which equipment is needed for performing Power Skips?
93,Which body parts are primarily engaged during the Power Skip exercise?
93,Can you describe the main action involved in performing a Power Skip?
93,What muscle groups are activated when doing Power Skips?
94,What is the primary muscle group targeted by the Quad Stretch?
94,What body part does the Quad Stretch primarily focus on?
94,Can the Quad Stretch be performed with any equipment?
94,What is the basic instruction for performing the Quad Stretch?
94,Is the Quad Stretch considered a mobility exercise?
95,What specific technique should I use for the Kettlebell Deadlift?
95,Which muscle groups does the Kettlebell Deadlift primarily activate?
95,What type of exercise is the Kettlebell Deadlift categorized as?
95,What equipment do I need to perform the Kettlebell Deadlift?
95,Which body part is targeted during the Kettlebell Deadlift?
96,What is the primary exercise being performed in this activity?
96,Which type of activity does the Side Lying Leg Lift fall under?
96,What equipment is needed to perform the Side Lying Leg Lift?
96,Which parts of the body are primarily targeted by this exercise?
96,Can you describe the correct form when executing the Side Lying Leg Lift?
97,What is the primary equipment needed to perform the Face Pull exercise?
97,Which muscle groups are activated during the Face Pull exercise?
97,Can you describe the correct form for pulling the rope during the Face Pull?
97,What part of the body does the Face Pull primarily target?
97,Is the Face Pull considered a strength exercise?
98,What muscles are primarily worked by the Overhead Dumbbell Triceps Extension?
98,What type of exercise is Overhead Dumbbell Triceps Extension categorized as?
98,What equipment is needed to perform the Overhead Dumbbell Triceps Extension?
98,Can you describe the movement involved in the Overhead Dumbbell Triceps Extension?
98,Which body part is targeted when performing the Overhead Dumbbell Triceps Extension?
99,What is the primary muscle group targeted by the Step-Through Lunge exercise?
99,Can you explain the proper technique for performing a Step-Through Lunge?
99,Are there any specific equipment requirements for this exercise?
99,What type of activity does the Step-Through Lunge fall under?
99,In which direction do you push when transitioning from a forward lunge to a reverse lunge?
100,What is the primary muscle group activated during chin-ups?
100,What type of grip should I use for chin-ups?
100,How should I perform the movement during a chin-up?
100,What body part do chin-ups primarily target?
100,Is a chin-up classified as a strength exercise or cardio?
101,What is the main muscle group targeted by the Cable Upright Row exercise?
101,Can you explain the proper technique for executing the Cable Upright Row?
101,What type of equipment do I need to perform the Cable Upright Row?
101,Is the Cable Upright Row considered a strength or cardio exercise?
101,Which body parts are activated during the Cable Upright Row?
102,What is the name of the exercise that involves lunging sideways while reaching toward your foot?
102,What type of activity is the Side Lunge with Reach classified as?
102,Which body parts does the Side Lunge with Reach primarily target?
102,What type of equipment do I need to perform the Side Lunge with Reach?
102,Can you describe the steps to correctly execute the Side Lunge with Reach?
103,What is the primary purpose of the Pelvic Tilt exercise?
103,Which equipment do I need to perform the Pelvic Tilt?
103,Which muscles are engaged during the Pelvic Tilt?
103,How should I position my body while doing the Pelvic Tilt?
103,What type of activity is the Pelvic Tilt classified as?
104,What is the primary exercise for strengthening the lower body using a kettlebell?
104,Which muscle groups are activated during the Kettlebell Goblet Squat?
104,How should I position the kettlebell while performing this exercise?
104,What type of activity does the Kettlebell Goblet Squat fall under?
104,Can you explain how to properly execute the Kettlebell Goblet Squat?
105,What is the primary equipment needed for the Banded Lateral Walk exercise?
105,Which muscle groups are activated during the Banded Lateral Walk?
105,Can you explain the proper technique for performing the Banded Lateral Walk?
105,What body part does the Banded Lateral Walk specifically target?
105,Is the Banded Lateral Walk a push or pull exercise type?
106,What is the primary purpose of the Reverse Snow Angel exercise?
106,Which body parts are specifically targeted during the Reverse Snow Angel?
106,What type of activity is classified as the Reverse Snow Angel?
106,Can the Reverse Snow Angel be performed without any equipment?
106,How should my arms be positioned during the Reverse Snow Angel exercise?
107,What is the primary body part targeted by the Kneeling Lat Stretch?
107,What equipment is needed to perform the Kneeling Lat Stretch?
107,Can you explain how to properly execute the Kneeling Lat Stretch?
107,Which muscle groups are activated during the Kneeling Lat Stretch?
107,What type of activity does the Kneeling Lat Stretch fall under?
108,What is the primary muscle group targeted by the Barbell Front Raise?
108,What type of exercise is a Barbell Front Raise classified as?
108,Can I perform the Barbell Front Raise without any additional weights?
108,How should I lift and lower the bar during a Front Raise?
108,What equipment do I need to perform the Barbell Front Raise?
109,What is the main purpose of the Cable External Rotation exercise?
109,Which muscle groups are primarily activated during the Cable External Rotation?
109,How should I position my elbow when performing the Cable External Rotation?
109,What type of equipment do I need to perform the Cable External Rotation?
109,Is the Cable External Rotation exercise considered a mobility activity?
110,What is the primary muscle group worked during the Hamstring Curl on Ball exercise?
110,What equipment do I need to perform the Hamstring Curl on Ball?
110,Can you explain how to properly execute the Hamstring Curl on Ball?
110,Which body part is targeted when performing the Hamstring Curl on Ball?
110,Is this exercise focused on strength training or cardio?
111,What is the correct starting position for the Prone Y Raise exercise?
111,Which muscle groups are primarily activated during the Prone Y Raise?
111,How should my arms be positioned while performing the Prone Y Raise?
111,Is any equipment needed to perform the Prone Y Raise exercise?
111,What body part does the Prone Y Raise focus on primarily?
112,What is the primary purpose of the Hip Airplane exercise?
112,Which body parts are primarily engaged during the Hip Airplane exercise?
112,Can the Hip Airplane be performed without any equipment?
112,What is the correct technique for executing the Hip Airplane exercise?
112,Is the Hip Airplane exercise beneficial for improving balance?
113,What is the main focus of the Crab Walk exercise?
113,Which body parts does the Crab Walk primarily activate?
113,Do I need any equipment to perform the Crab Walk?
113,Can you describe the steps to properly execute the Crab Walk?
113,Is the Crab Walk considered a strength or mobility exercise?
114,What is the primary muscle group activated during the Kettlebell Suitcase Carry?
114,What type of activity is the Kettlebell Suitcase Carry classified as?
114,What equipment do I need to perform the Kettlebell Suitcase Carry?
114,Can you describe how to properly execute the Kettlebell Suitcase Carry?
114,Which body part does the Kettlebell Suitcase Carry primarily target?
115,What is the primary body part targeted by the Crossover Toe Touch exercise?
115,Can you explain how to perform the Crossover Toe Touch effectively?
115,What muscle groups are activated when doing the Crossover Toe Touch?
115,Is equipment required for the Crossover Toe Touch exercise?
115,What type of activity does the Crossover Toe Touch fall under?
116,What is the primary muscle group targeted by the Barbell Overhead Press?
116,What type of equipment do I need to perform the Barbell Overhead Press?
116,Can you explain how to correctly perform the Barbell Overhead Press?
116,What body part does the Barbell Overhead Press focus on?
116,Is the Barbell Overhead Press considered a push exercise?
117,What is the main focus area of the Scissor Kicks exercise?
117,Do I need any equipment to perform Scissor Kicks?
117,How should I position my body while doing Scissor Kicks?
117,Which muscle groups are primarily worked during Scissor Kicks?
117,What type of activity is Scissor Kicks classified as?
118,What is the name of the exercise that targets the calves?
118,What body part does the Standing Calf Raise primarily work on?
118,Is any equipment required for the Standing Calf Raise exercise?
118,Can you describe the steps involved in performing a Standing Calf Raise?
118,What type of activity is the Standing Calf Raise classified as?
119,What is the primary purpose of the Plank Walkout exercise?
119,Which body parts are primarily engaged while performing the Plank Walkout?
119,Can you describe the steps involved in executing the Plank Walkout correctly?
119,"Is any equipment required to perform the Plank Walkout, or is it bodyweight only?"
119,What type of activity is the Plank Walkout classified as?
120,What is the primary exercise name used for this strength workout?
120,Which equipment is required to perform the Landmine Squat Press?
120,Can you tell me which body parts are worked during the Landmine Squat Press?
120,What is the main movement type involved in the Landmine Squat Press?
120,Could you provide the step-by-step instructions for performing the Landmine Squat Press?
121,What is the main purpose of performing the Figure Four Stretch?
121,Which muscle groups are targeted by the Figure Four Stretch?
121,What position should I start in for the Figure Four Stretch?
121,Do I need any equipment to perform the Figure Four Stretch?
121,How do I correctly execute the Figure Four Stretch?
122,What is the primary purpose of the Overhead Reach Stretch?
122,Which muscle groups are primarily targeted during this stretch?
122,Can you explain how to properly perform the Overhead Reach Stretch?
122,What equipment do I need to do the Overhead Reach Stretch?
122,Is the Overhead Reach Stretch beneficial for improving mobility in the upper body?
123,What are the steps involved in performing a Kettlebell Clean?
123,Which muscle groups are targeted when doing the Kettlebell Clean exercise?
123,Is the Kettlebell Clean considered a strength training activity?
123,What type of equipment do I need to perform the Kettlebell Clean?
123,Does the Kettlebell Clean primarily work the upper or lower body?
124,What is the primary focus of the Jump Squat exercise?
124,What equipment do I need to perform Jump Squats?
124,Can you describe how to execute a Jump Squat properly?
124,Which muscle groups are engaged during the Jump Squat?
124,Is Jump Squat considered a cardio exercise or strength training?
125,What is the primary muscle group activated by the Dumbbell Row exercise?
125,Can you explain the proper form for performing a Dumbbell Row?
125,What type of equipment is required to do the Dumbbell Row exercise?
125,Is the Dumbbell Row considered a strength training exercise?
125,Which body part does the Dumbbell Row primarily target?
126,What is the main purpose of practicing the Reverse Warrior Pose?
126,Which body parts are primarily engaged during the Reverse Warrior Pose?
126,Can you describe the starting position for the Reverse Warrior Pose?
126,What movements are involved in executing the Reverse Warrior Pose?
126,"Is any equipment required for the Reverse Warrior Pose, or can it be performed with just bodyweight?"
127,What is the primary purpose of the Frog Stretch exercise?
127,Which body parts are specifically involved in the Frog Stretch?
127,Can the Frog Stretch be performed without any equipment?
127,What type of activity does the Frog Stretch fall under?
127,What are the instructions for executing the Frog Stretch correctly?
128,What type of activity is the Climber Tap exercise classified as?
128,Which body parts are primarily targeted during the Climber Tap exercise?
128,What equipment is needed to perform the Climber Tap?
128,Can you describe the instructions for doing the Climber Tap correctly?
128,What muscle groups are activated when performing the Climber Tap?
129,What type of exercise is the Cable Lateral Raise?
129,Which muscle groups are activated during the Cable Lateral Raise?
129,What equipment do I need to perform the Cable Lateral Raise?
129,What is the correct way to perform the Cable Lateral Raise?
129,What part of the body does the Cable Lateral Raise focus on?
130,What is the proper starting position for the Kneeling Push-Up exercise?
130,Which muscle groups are primarily activated when performing Kneeling Push-Ups?
130,Are any specific pieces of equipment required for Kneeling Push-Ups?
130,Can you explain how to maintain core stability during the Kneeling Push-Up?
130,What type of activity is classified as Kneeling Push-Up?
131,What is the name of the exercise that involves twisting the top arm across the body while lying on your side?
131,Is the Side Lying Thoracic Twist considered a mobility exercise or a strength exercise?
131,What equipment do I need to perform the Side Lying Thoracic Twist?
131,Which body parts are primarily targeted during the Side Lying Thoracic Twist?
131,Can you describe the steps involved in performing the Side Lying Thoracic Twist correctly?
132,What is the correct starting position for the Fire Hydrant exercise?
132,Which muscle groups are primarily targeted when performing the Fire Hydrant?
132,What is the proper way to execute the movement in the Fire Hydrant exercise?
132,Is any equipment required to perform the Fire Hydrant effectively?
132,What type of fitness goal does the Fire Hydrant exercise primarily support?
133,What is the primary focus of the Standing Hip Circles exercise?
133,Which body parts are targeted by this exercise?
133,Can you explain how to perform the Standing Hip Circles correctly?
133,Is any equipment required to do Standing Hip Circles?
133,In which directions should I rotate my hip during the exercise?
134,What is the main focus of the Side-Lying T-Spine Opener exercise?
134,Do I need any equipment to perform the Side-Lying T-Spine Opener?
134,Which muscle groups are primarily targeted during this stretch?
134,Can you explain how to properly perform the Side-Lying T-Spine Opener exercise?
134,Is this exercise suitable for improving mobility in the upper body?
135,What is the primary muscle group worked during the Seated Band Row exercise?
135,Can you explain the proper seating position for performing the Seated Band Row?
135,What type of equipment do I need to perform the Seated Band Row?
135,What action should I take with my shoulder blades while doing the Seated Band Row?
135,Is the Seated Band Row considered a strength or cardio exercise?
136,What type of muscle groups does the Overhead Barbell Carry activate?
136,What is the proper way to hold the barbell during the Overhead Barbell Carry?
136,Which body parts are primarily engaged during the Overhead Barbell Carry?
136,What kind of equipment is needed for the Overhead Barbell Carry exercise?
136,What type of activity is the Overhead Barbell Carry categorized under?
137,What is the primary purpose of the Dead Hang exercise?
137,Which muscle groups are primarily activated during the Dead Hang?
137,Can I perform the Dead Hang without any equipment?
137,How long should I aim to hold the Dead Hang position?
137,What body parts are mainly targeted when performing the Dead Hang?
138,What is the primary focus of Skater Hops in terms of muscle groups?
138,Do I need any equipment to perform Skater Hops?
138,How should I position my body while performing the Skater Hops?
138,What type of exercise is Skater Hops categorized as?
138,What is the target body part while doing Skater Hops?
139,What is the primary purpose of the Glute March on Stability Ball exercise?
139,What equipment do I need to perform the Glute March on Stability Ball exercise?
139,Which body parts are primarily targeted by the Glute March on Stability Ball exercise?
139,Can you explain the proper technique for performing the Glute March on Stability Ball?
139,What muscle groups are activated during the Glute March on Stability Ball exercise?
140,What is the primary equipment needed for the Kettlebell Snatch exercise?
140,Which muscle groups are activated when performing the Kettlebell Snatch?
140,Can you explain the movement involved in the Kettlebell Snatch?
140,What type of activity is the Kettlebell Snatch classified as?
140,Which body part is primarily targeted by the Kettlebell Snatch?
141,What is the primary focus of the World’s Greatest Stretch exercise?
141,Can the World’s Greatest Stretch be performed with any equipment?
141,Which muscle groups are activated when doing the World’s Greatest Stretch?
141,What are the specific steps to perform the World’s Greatest Stretch?
141,Is the World’s Greatest Stretch considered a mobility or strength exercise?
142,What is the primary exercise for the Renegade Row?
142,Which muscle groups are primarily activated during the Renegade Row?
142,What type of equipment is necessary for performing the Renegade Row?
142,Are both arms used simultaneously when performing a Renegade Row?
142,What is the correct position to begin the Renegade Row exercise?
143,What is the purpose of the Wall Calf Stretch?
143,Which muscle groups are primarily engaged during the Wall Calf Stretch?
143,What equipment is needed to perform the Wall Calf Stretch?
143,Can you describe the steps to execute the Wall Calf Stretch correctly?
143,Is the Wall Calf Stretch more focused on the calves or the Achilles tendon?
144,What equipment do I need to perform the Barbell Glute Bridge exercise?
144,Which body parts are primarily targeted by the Barbell Glute Bridge?
144,Can you explain the correct form for the Barbell Glute Bridge?
144,Is the Barbell Glute Bridge classified as a push or pull exercise?
144,What muscle groups are activated during the Barbell Glute Bridge?
145,What is the primary muscle group targeted during the Windshield Wipers exercise?
145,Can I perform Windshield Wipers without any equipment?
145,What body position should I be in while doing the Windshield Wipers?
145,How do I ensure that my core remains engaged while performing the Windshield Wipers?
145,Is the Windshield Wipers exercise suitable for beginners?
146,What is the main focus of the Overhead Squat exercise?
146,Which body parts are primarily engaged during the Overhead Squat?
146,How should I position the barbell while performing the Overhead Squat?
146,What is the correct form for squatting during the Overhead Squat?
146,Is the Overhead Squat considered a strength training exercise?
147,What equipment do I need to perform the Banded Pull-Apart exercise?
147,Which muscle groups are primarily targeted by the Banded Pull-Apart?
147,Can you describe the starting position for the Banded Pull-Apart?
147,What is the main action to perform during the Banded Pull-Apart?
147,Which body part is predominantly worked during the Banded Pull-Apart?
148,What is the primary exercise targeted by the Mountain Climber Twist?
148,Which muscle groups are activated when performing the Mountain Climber Twist?
148,Can the Mountain Climber Twist be done without any equipment?
148,What is the correct starting position for the Mountain Climber Twist exercise?
148,How should I move my knees during the Mountain Climber Twist to maximize effectiveness?
149,What is the primary muscle group targeted by the Sliding Hamstring Curl exercise?
149,What type of equipment do I need to perform the Sliding Hamstring Curl?
149,Can you describe the positioning of my body during the Sliding Hamstring Curl?
149,Is the Sliding Hamstring Curl considered a strength or cardio exercise?
149,What body parts are involved in this exercise beyond the hamstrings?
150,What is the primary purpose of the Spiderman Crawl exercise?
150,Which muscle groups are activated while performing the Spiderman Crawl?
150,What type of equipment is needed for the Spiderman Crawl exercise?
150,Can you explain the correct form for the Spiderman Crawl?
150,What body parts are primarily engaged during the Spiderman Crawl?
151,What is the main muscle group targeted during the Landmine Rotation exercise?
151,How should I grip the barbell for the Landmine Rotation?
151,What should I focus on to maintain stability during the exercise?
151,Is the Landmine Rotation primarily a pulling or pushing exercise?
151,Which body part is primarily engaged while performing the Landmine Rotation?
152,What is the primary focus of the Bodyweight Good Morning exercise?
152,Which equipment is required to perform the Bodyweight Good Morning?
152,Can you describe the movement involved in the Bodyweight Good Morning?
152,What muscle groups are activated during this stretch?
152,Is the Bodyweight Good Morning primarily for mobility or strength training?
153,What is the name of the exercise that involves pulling a kettlebell up toward the chin?
153,What type of activity is the Kettlebell High Pull classified as?
153,Which piece of equipment is used for the Kettlebell High Pull exercise?
153,Which body part is primarily targeted during the Kettlebell High Pull?
153,What muscle groups are activated when performing the Kettlebell High Pull?
154,What type of exercise is the Band-Assisted Pull-Up classified as?
154,What equipment do I need to perform the Band-Assisted Pull-Up?
154,Which muscles are primarily targeted during the Band-Assisted Pull-Up?
154,What is the main body part worked when performing a Band-Assisted Pull-Up?
154,Can you describe the proper technique for executing a Band-Assisted Pull-Up?
155,What is the main purpose of performing Wall Angels on a Foam Roller?
155,Which type of equipment is required to do Wall Angels?
155,What body parts are primarily targeted during this exercise?
155,How should the arms be moved while performing Wall Angels?
155,Is this exercise aimed at improving mobility or strength?
156,What is the primary body part targeted by the Bird Dog Row exercise?
156,Which type of equipment is needed for the Bird Dog Row?
156,Can you describe the basic position required to perform the Bird Dog Row?
156,What muscle groups are activated during the Bird Dog Row?
156,Is the Bird Dog Row a strength exercise or a cardio exercise?
157,What is the primary focus of the Hip Bridge March exercise?
157,Which muscle groups are activated during the Hip Bridge March?
157,Do I need any equipment to perform the Hip Bridge March?
157,Can you explain the steps to correctly execute the Hip Bridge March?
157,Is the Hip Bridge March considered a strength-training exercise?
158,What is the primary purpose of the 90/90 Hip Stretch?
158,Which muscle groups are primarily targeted during this stretch?
158,What position should I be in to perform the 90/90 Hip Stretch correctly?
158,Do I need any equipment to perform the 90/90 Hip Stretch?
158,Can you explain how to properly execute the stretching technique involved in the 90/90 Hip Stretch?
159,What is the primary equipment used for the Stability Ball Stir the Pot exercise?
159,Which muscle groups are activated during the Stability Ball Stir the Pot?
159,What position should my body be in when performing this exercise?
159,How should my arms move while doing the Stability Ball Stir the Pot?
159,What is the main focus for maintaining proper form during this exercise?
160,What muscle groups are activated during the Reverse Fly with Band exercise?
160,Can you describe the correct form for performing the Reverse Fly with Band?
160,What type of equipment do I need for the Reverse Fly with Band exercise?
160,Is the Reverse Fly with Band an upper or lower body exercise?
160,What type of activity is the Reverse Fly with Band classified as?
161,What is the correct technique for performing a Jumping Lunge?
161,Which muscle groups are activated during the Jumping Lunge exercise?
161,Is any equipment required to execute a Jumping Lunge?
161,How does the Jumping Lunge contribute to cardiovascular fitness?
161,What body parts are primarily worked out when doing Jumping Lunges?
162,What is the primary muscle group targeted by the Kettlebell Rack Carry exercise?
162,How should the kettlebell be held during the exercise?
162,What type of activity is the Kettlebell Rack Carry classified as?
162,Which body part is mainly engaged while performing the Kettlebell Rack Carry?
162,What posture should be maintained while walking with the kettlebell?
163,What should I do with my body position when performing the Foam Rolling Quads exercise?
163,Which specific body part is targeted during the Foam Rolling Quads?
163,Is the Foam Rolling Quads exercise classified as a mobility or strength activity?
163,What equipment do I need for the Foam Rolling Quads exercise?
163,How do I perform the Foam Rolling Quads in terms of movement technique?
164,What is the primary body part worked during Dumbbell Lateral Lunges?
164,What equipment do I need to perform the Dumbbell Lateral Lunge effectively?
164,Can you list the muscle groups activated by this exercise?
164,What are the key steps to perform a Dumbbell Lateral Lunge correctly?
164,Is the Dumbbell Lateral Lunge categorized as a strength exercise?
165,What is the correct starting position for the Side Plank Reach Through exercise?
165,Which muscle groups does the Side Plank Reach Through primarily activate?
165,Is any equipment required for performing the Side Plank Reach Through?
165,What key movement should I perform while doing the Side Plank Reach Through?
165,What part of the body does the Side Plank Reach Through mainly target?
166,What is the primary focus of the Thread the Needle Stretch exercise?
166,Do I need any equipment to perform the Thread the Needle Stretch?
166,Which part of the body does the Thread the Needle Stretch primarily target?
166,Can you provide the basic steps to execute the Thread the Needle Stretch?
166,What muscle groups are activated during the Thread the Needle Stretch?
167,What is the primary muscle group targeted during the Front Rack Step-Up exercise?
167,Which type of equipment is required to perform the Front Rack Step-Up?
167,Can the Front Rack Step-Up be categorized as a strength or cardiovascular exercise?
167,What is the correct positioning for the barbell during the Front Rack Step-Up?
167,What movement should be emphasized when stepping onto the platform?
168,What is the main purpose of the Standing Shoulder Mobility Flow exercise?
168,Can you describe the steps involved in performing the Standing Shoulder Mobility Flow?
168,Which muscle groups are specifically activated during this exercise?
168,Is any equipment required to perform the Standing Shoulder Mobility Flow?
168,How does this exercise target the upper body muscles?
169,What is the main purpose of the Chest Opener on Wall exercise?
169,Which muscle groups are targeted by this exercise?
169,What equipment do I need to perform the Chest Opener on Wall?
169,Can you explain the proper way to perform the Chest Opener on Wall?
169,Is the Chest Opener on Wall suitable for improving upper body mobility?
170,What is the primary muscle group targeted during the Deadbug exercise?
170,What position should I be in before starting the Deadbug exercise?
170,Do I need any equipment to perform the Deadbug exercise?
170,How do I ensure my core is engaged while doing the Deadbug?
170,What limbs do I extend during the Deadbug exercise?
171,What type of exercise is Banded Hip Abduction?
171,What muscles are primarily worked during the Banded Hip Abduction?
171,How do I properly position the resistance band for this exercise?
171,What is the correct lifting technique to keep hips level during the exercise?
171,Is the Banded Hip Abduction focused on lower body strength or upper body strength?
172,What is the main purpose of the Reverse Plank exercise?
172,Which muscle groups are primarily activated during the Reverse Plank?
172,What is the correct starting position for performing the Reverse Plank?
172,Do I need any equipment to perform the Reverse Plank exercise?
172,How should I maintain my body while holding the Reverse Plank position?
173,What muscle groups are primarily activated during the Wall-Assisted Handstand?
173,What type of activity is the Wall-Assisted Handstand classified as?
173,What equipment is needed to perform the Wall-Assisted Handstand?
173,Can you explain how to maintain balance in the Wall-Assisted Handstand?
173,Which body part is focused on during the Wall-Assisted Handstand?
174,What equipment do I need to perform the Bent Arm Wall Stretch?
174,Which muscle groups are activated during the Bent Arm Wall Stretch?
174,How do I correctly position my arm for the Bent Arm Wall Stretch?
174,What type of activity is the Bent Arm Wall Stretch categorized as?
174,What body part does the Bent Arm Wall Stretch primarily target?
175,What is the primary type of activity for Speed Skaters?
175,Do I need any equipment to perform Speed Skaters?
175,Which muscle groups are activated while doing Speed Skaters?
175,How do you properly execute the Speed Skaters exercise?
175,What body part does the Speed Skaters exercise focus on?
176,What equipment do I need for the Kettlebell Windmill exercise?
176,Which body parts does the Kettlebell Windmill target during the workout?
176,How should I position the kettlebell while performing the Kettlebell Windmill?
176,What type of activity is the Kettlebell Windmill classified as?
176,What movements are involved in the Kettlebell Windmill exercise?
177,What type of exercise are wall slides classified as?
177,What equipment do I need to perform wall slides?
177,Which body parts do wall slides primarily target?
177,Can you explain how to properly execute wall slides?
177,What muscle groups are activated during wall slides?
178,What is the primary body part targeted by the Barbell Lunge exercise?
178,What are the main muscle groups activated during the Barbell Lunge?
178,Can you explain the proper way to perform a Barbell Lunge?
178,What type of exercise category does Barbell Lunge fall under?
178,What equipment is needed to perform the Barbell Lunge?
179,What muscles are activated during the Overhead Band Pull Apart exercise?
179,Can you describe the proper instructions for performing the Overhead Band Pull Apart?
179,What type of equipment do I need for the Overhead Band Pull Apart?
179,Is the Overhead Band Pull Apart primarily a mobility or strength exercise?
179,Which body part does the Overhead Band Pull Apart primarily target?
180,What equipment do I need for Band-Assisted Dips?
180,Which muscle groups are activated when performing Band-Assisted Dips?
180,Can you explain the proper technique to perform Band-Assisted Dips?
180,Is Band-Assisted Dips primarily a push or pull exercise?
180,What body part is primarily targeted by Band-Assisted Dips?
181,What is the main purpose of the Superman Hold exercise?
181,Which muscle groups are activated during the Superman Hold?
181,What body position should I be in while performing the Superman Hold?
181,How should I engage my muscles during the Superman Hold?
181,Do I need any equipment to perform the Superman Hold?
182,What is the correct way to position my body when performing a Front Lever Hold?
182,Which muscle groups are primarily activated during the Front Lever Hold exercise?
182,What type of equipment do I need to perform the Front Lever Hold?
182,Is the Front Lever Hold primarily a strength or cardio exercise?
182,How do I maintain my body straight while hanging from the bar in a Front Lever Hold?
183,What is the main focus of the Overhead Band Squat exercise?
183,Which muscle groups are primarily activated during this exercise?
183,What type of equipment do I need for the Overhead Band Squat?
183,Can you describe the proper posture to maintain while performing a deep squat with the band overhead?
183,Is the Overhead Band Squat more of a strength or cardio workout?
184,What is the starting position for the Wall Climb exercise?
184,Which muscle groups are activated during the Wall Climb?
184,Is Wall Climb considered a cardio exercise or strength training?
184,What body parts does the Wall Climb primarily engage?
184,Do I need any equipment to perform the Wall Climb?
185,What is the name of the exercise that focuses on mobility for the upper body?
185,Which type of equipment do I need for the Band External Rotation exercise?
185,Can you tell me how to perform the Band External Rotation correctly?
185,What muscle groups are activated when doing the Band External Rotation?
185,What is the required body position for keeping the elbow during the Band External Rotation?
186,What is the Wall Pec Stretch primarily targeting in terms of muscle groups?
186,What type of stretching activity is the Wall Pec Stretch classified as?
186,What equipment is required to perform the Wall Pec Stretch?
186,Can you explain the instructions for executing the Wall Pec Stretch correctly?
186,Which body part gets the most benefit from the Wall Pec Stretch?
187,What is the correct position of my legs when performing the Seated Row with a resistance band?
187,Which muscle groups are primarily targeted by the Seated Row exercise?
187,How should I pull the band handles during the Seated Row exercise?
187,What is the main type of equipment used for the Seated Row exercise?
187,What should I do with my shoulder blades while performing the Seated Row?
188,What is the primary focus of the Banded Terminal Knee Extension exercise?
188,Which equipment is needed to perform the Banded Terminal Knee Extension?
188,Can you explain the steps to effectively perform the Banded Terminal Knee Extension?
188,Which muscle groups are targeted when doing the Banded Terminal Knee Extension?
188,What type of activity is the Banded Terminal Knee Extension categorized as?
189,What equipment do I need to perform the L-Sit Hold?
189,Which muscles are primarily targeted during the L-Sit Hold exercise?
189,Can you explain the proper form and setup for the L-Sit Hold?
189,Is the L-Sit Hold primarily focused on strength training or flexibility?
189,How should I position my legs while performing the L-Sit Hold?
190,What is the main muscle group targeted by the Clamshell exercise?
190,What type of equipment do I need to perform the Clamshell exercise effectively?
190,Can you describe the starting position for the Clamshell exercise?
190,Is the Clamshell exercise primarily a strength or cardio activity?
190,What specific movement should I perform with my knees during the Clamshell exercise?
191,What type of exercise is the Dead Bug with Band?
191,Which equipment do I need to perform the Dead Bug with Band?
191,Which muscle groups are activated during the Dead Bug with Band exercise?
191,What is the main body part worked when doing the Dead Bug with Band?
191,Can you describe the instructions for the Dead Bug with Band exercise?
192,What is the purpose of performing the Side-Lying Thoracic Rotation exercise?
192,Which specific muscle groups are engaged during this mobility exercise?
192,Do I need any equipment to perform the Side-Lying Thoracic Rotation?
192,Can you provide the step-by-step instructions for this stretch?
192,What body part does the Side-Lying Thoracic Rotation primarily target?
193,What is the Box Step-Down exercise targeting in my lower body?
193,How do I properly perform the Box Step-Down exercise?
193,"Do I need any equipment to do the Box Step-Down, or can it be done with just my body weight?"
193,Which muscle groups will be activated when I do the Box Step-Down exercise?
193,Is the Box Step-Down considered a strength training exercise?
194,What is the primary purpose of the World’s Greatest Hip Opener exercise?
194,Which muscle groups are specifically targeted during this stretch?
194,Can you describe the steps involved in performing the World’s Greatest Hip Opener?
194,What type of equipment is required to perform this exercise?
194,Is this mobility exercise suitable for beginners or only for advanced users?
195,What is the main purpose of doing Scapular Push-Ups?
195,Which muscles are primarily worked during Scapular Push-Ups?
195,Can you describe the starting position for Scapular Push-Ups?
195,Do I need any equipment to perform Scapular Push-Ups?
195,How do I properly perform Scapular Push-Ups?
196,What is the primary muscle group targeted when performing Fire Hydrants?
196,"Can Fire Hydrants be done without any equipment, and if so, how?"
196,What is the correct position to start performing Fire Hydrants?
196,How should I execute the movement once I'm in the starting position?
196,What body parts are involved in the Fire Hydrants exercise?
197,What is the primary purpose of the Scorpion Stretch?
197,Which muscle groups does the Scorpion Stretch specifically activate?
197,What position should I be in while performing the Scorpion Stretch?
197,Do I need any equipment to perform the Scorpion Stretch?
197,How do I correctly perform the motion of the Scorpion Stretch?
198,What is the Split Stance Dumbbell Curl exercise designed to work on?
198,What type of equipment is required to perform the Split Stance Dumbbell Curl?
198,Can you describe the stance needed to do the Split Stance Dumbbell Curl correctly?
198,What should I do with the dumbbells during the Split Stance Dumbbell Curl?
198,Which muscle groups are primarily activated by the Split Stance Dumbbell Curl?
199,What is the proper starting position for the Band Pull-Apart Diagonal exercise?
199,Which muscle groups are primarily worked during the Band Pull-Apart Diagonal?
199,What type of equipment do I need to perform the Band Pull-Apart Diagonal?
199,Is the Band Pull-Apart Diagonal primarily a strength or cardio exercise?
199,Can you describe the movement pattern for the Band Pull-Apart Diagonal exercise?
200,What is the primary focus of the Wall Facing Squat exercise?
200,What equipment is needed for performing the Wall Facing Squat?
200,Which muscle groups are activated during the Wall Facing Squat?
200,What should my body position be when performing the Wall Facing Squat?
200,Is the Wall Facing Squat intended for mobility or strength training?
201,What is the main body position for the Tripod Headstand Hold exercise?
201,Which muscle groups are primarily activated during the Tripod Headstand Hold?
201,What type of equipment is needed for performing the Tripod Headstand Hold?
201,How do you properly engage your body during the Tripod Headstand Hold?
201,Is the Tripod Headstand Hold considered a strength exercise?
202,What is the name of the exercise that involves stepping a leg behind and across into a side lunge?
202,What type of activity is the Crossover Lateral Lunge classified as?
202,Which body part does the Crossover Lateral Lunge primarily target?
202,What equipment is needed to perform the Crossover Lateral Lunge?
202,What muscle groups are activated during the Crossover Lateral Lunge?
203,What body parts does the Band Face Pull target?
203,What type of equipment do I need for the Band Face Pull exercise?
203,Can you explain the proper technique for performing a Band Face Pull?
203,Which muscle groups are activated during the Band Face Pull?
203,Is the Band Face Pull classified as a strength exercise?
204,What is the primary purpose of the Butterfly Stretch?
204,Which equipment do I need for the Butterfly Stretch?
204,What muscle groups are targeted during the Butterfly Stretch?
204,Can you describe the correct technique for performing the Butterfly Stretch?
204,Is the Butterfly Stretch suitable for improving mobility in the lower body?
205,What is the main purpose of the Side Shuffle exercise?
205,Do I need any equipment to perform the Side Shuffle?
205,Which muscle groups do I activate when doing the Side Shuffle?
205,How should my stance be while performing the Side Shuffle?
205,Can you give me tips on how to maintain speed while shuffling?
206,What is the Wall Walk exercise primarily targeting in terms of muscle groups?
206,Can I perform the Wall Walk exercise without any equipment?
206,What body position should I start from when doing the Wall Walk?
206,Which movement type does the Wall Walk exercise categorize as?
206,What are the key steps to achieve a vertical position in the Wall Walk exercise?
207,What is the primary muscle group targeted by the Band Lateral Walk?
207,What type of activity is the Band Lateral Walk classified as?
207,How should the resistance band be positioned for the Band Lateral Walk?
207,What type of equipment is needed to perform the Band Lateral Walk?
207,What movement is involved in the instruction for the Band Lateral Walk?
208,What type of activity is the Straight Arm Lat Pulldown with a band?
208,Which body parts are primarily targeted by this exercise?
208,Can you describe the proper technique for performing the Straight Arm Lat Pulldown?
208,What equipment do I need to do the Straight Arm Lat Pulldown?
208,Which muscle groups are activated during this exercise?
209,What is the primary muscle group activated during the Isometric Quad Hold exercise?
209,Can you describe the correct position to hold during the Isometric Quad Hold?
209,What type of equipment is required for the Isometric Quad Hold?
209,Is the Isometric Quad Hold designed for strength training or flexibility?
209,Which parts of the lower body are engaged while holding the Isometric Quad Hold position?
210,What is the primary purpose of the Dynamic Hamstring Kick exercise?
210,Which equipment do I need to perform the Dynamic Hamstring Kick?
210,What body part does the Dynamic Hamstring Kick mainly target?
210,Can you describe how to properly perform the Dynamic Hamstring Kick?
210,What muscle groups are activated during the Dynamic Hamstring Kick?
211,What is the primary muscle group targeted by the Thread the Needle exercise using a resistance band?
211,Can you explain how to properly set up the resistance band for the Thread the Needle stretch?
211,What specific part of the body does the Thread the Needle exercise focus on during mobility?
211,What type of activity is the Thread the Needle exercise categorized as?
211,Is the Thread the Needle exercise more beneficial for shoulder flexibility or strength?
212,What equipment do I need to perform the Band Hip Flexor Stretch?
212,Which muscle groups are primarily targeted by the Band Hip Flexor Stretch?
212,Can you explain how to properly set up the Band Hip Flexor Stretch?
212,"Is the Band Hip Flexor Stretch appropriate for beginners, and what should they be aware of?"
212,How does the Band Hip Flexor Stretch benefit my lower body mobility?
213,What equipment do I need to perform the Seated Dumbbell Press?
213,Which muscle groups are activated during the Seated Dumbbell Press?
213,What is the correct position to begin the Seated Dumbbell Press?
213,How should I control the dumbbells when returning them after pressing?
213,Is the Seated Dumbbell Press considered a push or pull exercise?
214,What muscles are primarily activated during the Reverse Sled Drag exercise?
214,What type of equipment do I need for the Reverse Sled Drag?
214,Can you describe the proper form for performing the Reverse Sled Drag?
214,What is the main focus of movement in the Reverse Sled Drag exercise?
214,Is the Reverse Sled Drag intended for lower body strength training?
215,What muscles are primarily worked in the Side Plank with Leg Raise exercise?
215,Is any equipment needed to perform the Side Plank with Leg Raise?
215,Can you describe the key instruction to follow while doing the Side Plank with Leg Raise?
215,What type of fitness activity is the Side Plank with Leg Raise classified as?
215,Which body part does the Side Plank with Leg Raise focus on strengthening?
216,What is the purpose of the Wall Hip Opener exercise?
216,Which body parts are primarily targeted by the Wall Hip Opener?
216,How do I properly position my legs during the Wall Hip Opener?
216,Is any equipment required for the Wall Hip Opener exercise?
216,What type of exercise is the Wall Hip Opener classified as?
217,What is the primary focus of the Split Squat Hold exercise?
217,Which muscle groups are activated during the Split Squat Hold?
217,How should I position my torso while performing the Split Squat Hold?
217,What type of equipment do I need to perform the Split Squat Hold?
217,What is the main instruction for completing the Split Squat Hold?
218,What is the correct stance for performing the Isometric Wall Push?
218,Which muscle groups are primarily worked during the Isometric Wall Push?
218,Do I need any equipment to perform the Isometric Wall Push?
218,Can you describe the main action I should take while doing the Isometric Wall Push?
218,Is the Isometric Wall Push intended for the upper body only?
219,What is the primary muscle group targeted during the Copenhagen Plank?
219,Can you describe how to properly set up for the Copenhagen Plank exercise?
219,What equipment do I need to perform the Copenhagen Plank?
219,How long should I hold the side plank position while doing the Copenhagen Plank?
219,Which body part is primarily engaged while performing the Copenhagen Plank?
220,What type of exercise is the Standing Band Chest Press?
220,Which equipment is required for the Standing Band Chest Press?
220,What muscle groups are primarily activated during the Standing Band Chest Press?
220,Can you describe the motion involved in the Standing Band Chest Press?
220,Is the Standing Band Chest Press focused on the upper body or lower body?
221,What muscles are activated during the kettlebell deadlift?
221,What is the correct starting position for performing a kettlebell deadlift?
221,How should I properly lift the kettlebell to avoid injury?
221,What type of equipment do I need to perform the deadlift?
221,Is the kettlebell deadlift primarily a lower or upper body exercise?
222,What is the primary muscle group targeted by Shoulder Wall Slides?
222,What are the necessary equipment requirements for performing Shoulder Wall Slides?
222,Can you describe the correct positioning and movement for performing this exercise?
222,What type of exercise classification do Shoulder Wall Slides fall under?
222,Which body part is primarily involved in the Shoulder Wall Slides exercise?
223,What is the primary purpose of the Standing Knee Drive exercise?
223,Which muscle groups are activated when performing the Standing Knee Drive?
223,How do I properly execute the Standing Knee Drive?
223,What type of activity is the Standing Knee Drive classified as?
223,Do I need any equipment to perform the Standing Knee Drive?
224,What specific equipment do I need for the Band Hamstring Curl exercise?
224,Which muscle groups are primarily targeted by the Band Hamstring Curl?
224,Can you explain the proper way to position the resistance band for this exercise?
224,What is the correct movement I should perform during the Band Hamstring Curl?
224,"Is this exercise suitable for strengthening the lower body, particularly the hamstrings and glutes?"
225,What is the Supine Twist Stretch primarily used for?
225,Which muscle groups are activated during the Supine Twist Stretch?
225,What is the starting position for the Supine Twist Stretch?
225,Do I need any equipment to perform the Supine Twist Stretch?
225,How should I position my shoulders while doing the Supine Twist Stretch?
226,What equipment do I need to perform the Front Rack Barbell Lunge?
226,Which muscle groups are primarily targeted by this exercise?
226,Can you explain the proper form for the Front Rack Barbell Lunge?
226,Is this exercise suitable for strengthening the lower body?
226,What type of activity classification does the Front Rack Barbell Lunge fall under?
227,What is the primary purpose of the Standing Scapular Retraction exercise?
227,Which muscle groups are activated during the Standing Scapular Retraction?
227,What type of activity is the Standing Scapular Retraction classified as?
227,Is any equipment required for the Standing Scapular Retraction exercise?
227,Can you describe the proper stance for performing the Standing Scapular Retraction?
228,What is the primary muscle group targeted by the Star Plank exercise?
228,How should my body be positioned when holding the Star Plank?
228,Do I need any equipment to perform the Star Plank?
228,Which parts of the body are activated during the Star Plank?
228,Is the Star Plank considered a strength exercise?
229,What equipment do I need to perform the Band Upright Row exercise?
229,Which muscle groups are primarily activated during the Band Upright Row?
229,Can you explain the steps to correctly execute the Band Upright Row?
229,What type of activity is the Band Upright Row classified as?
229,Is the Band Upright Row exercise focused on the upper body or lower body?
230,What is the purpose of the Banded Hip Hinge exercise?
230,Which muscle groups are activated during the Banded Hip Hinge?
230,How do you correctly perform the Banded Hip Hinge?
230,What type of equipment is needed for the Banded Hip Hinge exercise?
230,Is the Banded Hip Hinge primarily a strength exercise or a mobility exercise?
231,What type of exercise is the Skater Lunge and what is its primary purpose?
231,Which body parts are primarily targeted by performing the Skater Lunge?
231,Can you describe the movement technique for executing a Skater Lunge correctly?
231,"What equipment do I need to perform the Skater Lunge, if any?"
231,Is the Skater Lunge considered a cardio workout or strength training?
232,What is the primary focus of the Wall Angel exercise?
232,Do I need any equipment to perform the Wall Angel?
232,How should I position my arms while doing the Wall Angel?
232,Which muscles are targeted during the Wall Angel stretch?
232,Can you describe the movement pattern involved in the Wall Angel exercise?
233,What is the primary muscle group activated during the Banded Lat Pullover?
233,What type of equipment do I need for the Banded Lat Pullover exercise?
233,How do I correctly perform the Banded Lat Pullover?
233,Is the Banded Lat Pullover considered a strength exercise?
233,Which body part is targeted by the Banded Lat Pullover?
234,What is the primary focus of the Glute Bridge March exercise?
234,Do I need any equipment to perform the Glute Bridge March?
234,Which body part does the Glute Bridge March primarily target?
234,Can you explain how to properly perform the Glute Bridge March?
234,What muscle groups are activated during the Glute Bridge March?
235,What equipment do I need to perform the Isometric Bicep Curl?
235,Which muscle groups are activated during the Isometric Bicep Curl?
235,What is the correct position to hold my arms during the exercise?
235,How long should I maintain the tension on the resistance band?
235,Is the Isometric Bicep Curl primarily for strength training?
236,What equipment do I need for the Kneeling Overhead Band Reach?
236,Which muscle groups are activated during this stretch?
236,Can you describe how to perform the Kneeling Overhead Band Reach?
236,Is this exercise suitable for improving mobility in the upper body?
236,What position should I be in to anchor the resistance band for this exercise?
237,What equipment do I need to perform the Push Press?
237,Which muscle groups are activated during the Push Press exercise?
237,Can you explain the technique for performing the Push Press?
237,What type of exercise is the Push Press categorized as?
237,Which body part does the Push Press primarily target?
238,What is the name of the exercise described in the record?
238,What type of activity does the Side-Lying Leg Circles fall under?
238,Which body part is primarily focused on during this exercise?
238,Can you specify the muscle groups that are activated when performing Side-Lying Leg Circles?
238,What are the steps to correctly perform the Side-Lying Leg Circles exercise?
239,What is the Band Good Morning exercise primarily designed to strengthen?
239,Which equipment do I need to perform the Band Good Morning exercise?
239,Can you describe the steps to perform the Band Good Morning correctly?
239,What body parts does the Band Good Morning target?
239,Is the Band Good Morning exercise considered a strength training activity?
240,What is the Staggered Push-Up exercise?
240,What equipment do I need for Staggered Push-Ups?
240,Which muscle groups are activated during Staggered Push-Ups?
240,How do I properly perform a Staggered Push-Up?
240,Is the Staggered Push-Up primarily a strength exercise?
241,What is the main focus of the World's Greatest Stretch with Rotation?
241,Which equipment is required for performing the World's Greatest Stretch with Rotation?
241,What are the primary muscle groups engaged during this stretch?
241,Can you describe the steps to correctly execute the World's Greatest Stretch with Rotation?
241,Which body parts benefit most from the World's Greatest Stretch with Rotation?
242,What equipment do I need to perform the Banded Clamshell with Hold exercise?
242,Which body part does the Banded Clamshell with Hold primarily target?
242,Can you explain how to properly perform the clamshell movement in this exercise?
242,What muscle groups are activated during the Banded Clamshell with Hold?
242,Is the Banded Clamshell with Hold considered a strength training exercise?
243,What type of activity is the Banded Chest Fly exercise?
243,Which equipment is required to perform the Banded Chest Fly?
243,What body part does the Banded Chest Fly primarily target?
243,Can you explain the instructions for performing the Banded Chest Fly?
243,Which muscle groups are activated during the Banded Chest Fly exercise?
244,What is the main purpose of the Dead Bug with Overhead Band Tension exercise?
244,Which muscle groups are activated when performing the Dead Bug with Overhead Band Tension?
244,What type of equipment do I need for the Dead Bug with Overhead Band Tension exercise?
244,Can you explain how to properly hold the band during the Dead Bug with Overhead Band Tension?
244,Is this exercise primarily focused on strengthening the core muscles?
245,What is the primary focus of the Kettlebell Suitcase Deadlift exercise?
245,Which muscle groups are worked during the Kettlebell Suitcase Deadlift?
245,How should I position my body while performing the Kettlebell Suitcase Deadlift?
245,What type of equipment do I need for the Kettlebell Suitcase Deadlift?
245,Is this exercise considered a pull or push movement?
246,What specific muscle groups are activated during the Wall Slide with Lift Off exercise?
246,Can this exercise be performed without any equipment or do I need special gear?
246,What are the step-by-step instructions for properly executing a Wall Slide with Lift Off?
246,Is the Wall Slide with Lift Off considered more of a mobility or a strength exercise?
246,Which area of the body does the Wall Slide with Lift Off primarily target?
247,What is the proper technique for performing a Single-Leg Glute Bridge?
247,Which muscle groups are primarily activated during the Single-Leg Glute Bridge exercise?
247,Do I need any equipment to perform the Single-Leg Glute Bridge?
247,What part of the body does the Single-Leg Glute Bridge target?
247,Is the Single-Leg Glute Bridge considered a push or pull type of exercise?
248,What is the main equipment used for the Banded Wrist Curl exercise?
248,Which body parts are primarily targeted by the Banded Wrist Curl?
248,Can you describe the steps involved in performing a Banded Wrist Curl?
248,What type of exercise category does the Banded Wrist Curl fall under?
248,What muscle groups are activated when performing the Banded Wrist Curl?
249,What equipment do I need to perform the Front Rack Dumbbell Step-Up?
249,Which muscle groups are primarily engaged during the Front Rack Dumbbell Step-Up?
249,How should I position the dumbbells while performing the Front Rack Dumbbell Step-Up?
249,What is the main body part targeted by the Front Rack Dumbbell Step-Up exercise?
249,What is the correct technique for stepping onto the box in the Front Rack Dumbbell Step-Up?
250,What muscle groups are activated during the Straight-Arm Band Pulldown exercise?
250,What type of equipment do I need to perform the Straight-Arm Band Pulldown?
250,Can you describe the correct method for performing the Straight-Arm Band Pulldown?
250,Which body part is primarily targeted by the Straight-Arm Band Pulldown exercise?
250,What type of activity is the Straight-Arm Band Pulldown classified as?
251,What is the primary purpose of performing Overhead Shoulder CARs?
251,Which muscle groups are primarily activated during this exercise?
251,What type of equipment do I need to perform Overhead Shoulder CARs?
251,Can you describe how to execute the Overhead Shoulder CARs correctly?
251,Is this exercise suitable for improving upper body mobility?
252,What is the Bodyweight Lateral Step-Down exercise primarily targeting?
252,How do you perform the Bodyweight Lateral Step-Down exercise correctly?
252,What type of equipment do you need for the Bodyweight Lateral Step-Down?
252,Which major muscles are activated during the Bodyweight Lateral Step-Down?
252,Is the Bodyweight Lateral Step-Down considered a strength or cardio exercise?
253,What equipment do I need for Band-Resisted Monster Walks?
253,Which muscle groups are targeted by this exercise?
253,How do I perform the Band-Resisted Monster Walks correctly?
253,Is this exercise suitable for strengthening my lower body?
253,What type of activity is Band-Resisted Monster Walks classified as?
254,What is the correct position for performing the Chest-Supported Dumbbell Row?
254,Which muscle groups are primarily worked during the Chest-Supported Dumbbell Row?
254,What type of equipment is required to perform the Chest-Supported Dumbbell Row?
254,Is the Chest-Supported Dumbbell Row considered a strength exercise?
254,How should the dumbbells be moved during the Chest-Supported Dumbbell Row?
255,What is the primary body part worked during the Overhead Plate Hold exercise?
255,Can you describe the proper stance for the Overhead Plate Hold?
255,Which muscle groups are activated during the Overhead Plate Hold?
255,What type of equipment is needed to perform the Overhead Plate Hold?
255,What is the main focus of the exercise in terms of duration or posture?
256,What is the primary focus of the Shoulder CARs exercise?
256,Which equipment is required to perform the Shoulder CARs?
256,What body part is specifically targeted during Shoulder CARs?
256,Can you explain the proper technique for executing Shoulder CARs?
256,Which muscle groups are activated while performing Shoulder CARs?
257,What is the primary muscle group targeted during the Isometric Split Squat Hold?
257,How should I position my core while holding the split squat?
257,What type of activity is the Isometric Split Squat Hold classified as?
257,Can the Isometric Split Squat Hold be performed without any equipment?
257,What is the correct method to perform the Isometric Split Squat Hold?
258,What is the primary muscle group targeted during the Band Pull-Through exercise?
258,What type of equipment is required to perform the Band Pull-Through?
258,Can you explain the correct way to position the resistance band for this exercise?
258,What should I focus on while performing the Band Pull-Through to ensure proper form?
258,Is the Band Pull-Through considered a strength exercise for the lower body?
259,What is the name of the exercise that targets the hamstrings and calves?
259,What type of equipment do I need for the Supine Hamstring Stretch?
259,How do I properly perform the Supine Hamstring Stretch?
259,What body part is primarily involved in the Supine Hamstring Stretch?
259,Is the Supine Hamstring Stretch considered a mobility exercise?
